-- Uncomment when ready to insert the below values into the database
-- USE gourmetdelights;

/* recipes table values */
INSERT INTO recipes (recipe_id, content, date_published, reading_time, summary, title, author_id) VALUES
(UNHEX('00112233445566778899AABBCCDDEEFF'), '# Delicious Pancakes', '2023-01-01', 5, 'Fluffy and easy to make.', 'Pancakes', UNHEX('AABBCCDDEEFF00112233445566778899')),
(UNHEX('00112233445566778899AABBCCDDEE00'), '# Quick Spaghetti', '2023-01-02', 6, 'Simple and tasty.', 'Spaghetti', UNHEX('AABBCCDDEEFF00112233445566778898')),
(UNHEX('00112233445566778899AABBCCDDEE01'), '# Hearty Chicken Soup', '2023-01-03', 4, 'Perfect for cold days.', 'Chicken Soup', UNHEX('AABBCCDDEEFF00112233445566778897')),
(UNHEX('00112233445566778899AABBCCDDEE02'), '# Fresh Garden Salad', '2023-01-04', 3, 'Crisp and healthy.', 'Garden Salad', UNHEX('AABBCCDDEEFF00112233445566778896')),
(UNHEX('00112233445566778899AABBCCDDEE03'), '# Classic Cheeseburger', '2023-01-05', 7, 'Juicy and flavorful.', 'Cheeseburger', UNHEX('AABBCCDDEEFF00112233445566778895')),
(UNHEX('00112233445566778899AABBCCDDEE04'), '# Savory Tacos', '2023-01-06', 5, 'Packed with flavor.', 'Tacos', UNHEX('AABBCCDDEEFF00112233445566778894')),
(UNHEX('00112233445566778899AABBCCDDEE05'), '# Homemade Pizza', '2023-01-07', 6, 'Cheesy and delicious.', 'Pizza', UNHEX('AABBCCDDEEFF00112233445566778893')),
(UNHEX('00112233445566778899AABBCCDDEE06'), '# Flavorful Fried Rice', '2023-01-08', 4, 'Easy and satisfying.', 'Fried Rice', UNHEX('AABBCCDDEEFF00112233445566778892')),
(UNHEX('00112233445566778899AABBCCDDEE07'), '# Tasty Sushi Rolls', '2023-01-09', 7, 'Perfect for a treat.', 'Sushi', UNHEX('AABBCCDDEEFF00112233445566778891')),
(UNHEX('00112233445566778899AABBCCDDEE08'), '# Spicy Chili', '2023-01-10', 5, 'Hearty and warming.', 'Chili', UNHEX('AABBCCDDEEFF00112233445566778890')),
(UNHEX('00112233445566778899AABBCCDDEE09'), '# Creamy Mac & Cheese', '2023-01-11', 6, 'Rich and comforting.', 'Mac & Cheese', UNHEX('AABBCCDDEEFF00112233445566778870')),
(UNHEX('00112233445566778899AABBCCDDEE0A'), '# Juicy Steak', '2023-01-12', 5, 'Tender and flavorful.', 'Steak', UNHEX('AABBCCDDEEFF00112233445566778869')),
(UNHEX('00112233445566778899AABBCCDDEE0B'), '# Fresh Fruit Salad', '2023-01-13', 3, 'Sweet and refreshing.', 'Fruit Salad', UNHEX('AABBCCDDEEFF00112233445566778868')),
(UNHEX('00112233445566778899AABBCCDDEE0C'), '# Grilled Chicken', '2023-01-14', 6, 'Juicy and tender.', 'Grilled Chicken', UNHEX('AABBCCDDEEFF00112233445566778867')),
(UNHEX('00112233445566778899AABBCCDDEE0D'), '# Spiced Pumpkin Soup', '2023-01-15', 7, 'Creamy and warming.', 'Pumpkin Soup', UNHEX('AABBCCDDEEFF00112233445566778866')),
(UNHEX('00112233445566778899AABBCCDDEE0E'), '# Delicious Apple Pie', '2023-01-16', 4, 'Perfectly sweet.', 'Apple Pie', UNHEX('AABBCCDDEEFF00112233445566778865')),
(UNHEX('00112233445566778899AABBCCDDEE0F'), '# Crunchy Nachos', '2023-01-17', 5, 'Cheesy and delicious.', 'Nachos', UNHEX('AABBCCDDEEFF00112233445566778864')),
(UNHEX('00112233445566778899AABBCCDDEE10'), '# Rich Chocolate Cake', '2023-01-18', 7, 'Decadent and moist.', 'Chocolate Cake', UNHEX('AABBCCDDEEFF00112233445566778863')),
(UNHEX('00112233445566778899AABBCCDDEE11'), '# Savory Beef Stew', '2023-01-19', 6, 'Hearty and filling.', 'Beef Stew', UNHEX('AABBCCDDEEFF00112233445566778862')),
(UNHEX('00112233445566778899AABBCCDDEE12'), '# Fluffy Waffles', '2023-01-20', 5, 'Perfect for breakfast.', 'Waffles', UNHEX('AABBCCDDEEFF00112233445566778861')),
(UNHEX('00112233445566778899AABBCCDDEE13'), '# Perfectly Grilled Salmon', '2023-01-21', 4, 'Light and healthy.', 'Grilled Salmon', UNHEX('AABBCCDDEEFF00112233445566778860')),
(UNHEX('00112233445566778899AABBCCDDEE14'), '# Satisfying Veggie Stir-Fry', '2023-01-22', 3, 'Colorful and crisp.', 'Veggie Stir-Fry', UNHEX('AABBCCDDEEFF00112233445566778859')),
(UNHEX('00112233445566778899AABBCCDDEE15'), '# Classic Caesar Salad', '2023-01-23', 5, 'Crisp and tangy.', 'Caesar Salad', UNHEX('AABBCCDDEEFF00112233445566778858')),
(UNHEX('00112233445566778899AABBCCDDEE16'), '# Comforting Meatloaf', '2023-01-24', 6, 'Homestyle goodness.', 'Meatloaf', UNHEX('AABBCCDDEEFF00112233445566778857')),
(UNHEX('00112233445566778899AABBCCDDEE17'), '# Crispy Baked Chicken Wings', '2023-01-25', 4, 'Flavorful and easy.', 'Chicken Wings', UNHEX('AABBCCDDEEFF00112233445566778856'));

/* users table values */
INSERT INTO users (user_id, date_of_birth, first_name, last_name, password, username) VALUES
(UNHEX('A1B2C3D4E5F607081122334455667788'), '1990-01-01', 'John', 'Doe', 'password123', 'johndoe'),
(UNHEX('B2C3D4E5F60708112233445566778899'), '1992-02-02', 'Jane', 'Smith', 'password456', 'janesmith'),
(UNHEX('C3D4E5F60708112233445566778899AA'), '1988-03-03', 'Alice', 'Brown', 'password789', 'alicebrown'),
(UNHEX('D4E5F60708112233445566778899AABB'), '1985-04-04', 'Bob', 'Johnson', 'password321', 'bobjohnson'),
(UNHEX('E5F60708112233445566778899AABBCC'), '1993-05-05', 'Charlie', 'Davis', 'password654', 'charliedavis'),
(UNHEX('F60708112233445566778899AABBCCDD'), '1989-06-06', 'Emily', 'Clark', 'password987', 'emilyclark'),
(UNHEX('08112233445566778899AABBCCDDEEFF'), '1991-07-07', 'Frank', 'Miller', 'password111', 'frankmiller'),
(UNHEX('112233445566778899AABBCCDDEEFF00'), '1994-08-08', 'Grace', 'Wilson', 'password222', 'gracewilson'),
(UNHEX('2233445566778899AABBCCDDEEFF0011'), '1987-09-09', 'Hank', 'Moore', 'password333', 'hankmoore'),
(UNHEX('33445566778899AABBCCDDEEFF001122'), '1990-10-10', 'Ivy', 'Taylor', 'password444', 'ivytaylor');

/* recipe_ingredients table values */
INSERT INTO recipe_ingredients (ingredient, recipe_id) VALUES
('Flour', UNHEX('00112233445566778899AABBCCDDEEFF')),
('Eggs', UNHEX('00112233445566778899AABBCCDDEE00')),
('Tomatoes', UNHEX('00112233445566778899AABBCCDDEE01')),
('Lettuce', UNHEX('00112233445566778899AABBCCDDEE02')),
('Beef Patty', UNHEX('00112233445566778899AABBCCDDEE03')),
('Tortilla', UNHEX('00112233445566778899AABBCCDDEE04')),
('Cheese', UNHEX('00112233445566778899AABBCCDDEE05')),
('Rice', UNHEX('00112233445566778899AABBCCDDEE06')),
('Nori', UNHEX('00112233445566778899AABBCCDDEE07')),
('Kidney Beans', UNHEX('00112233445566778899AABBCCDDEE08')),
('Macaroni', UNHEX('00112233445566778899AABBCCDDEE09')),
('Sirloin', UNHEX('00112233445566778899AABBCCDDEE0A')),
('Berries', UNHEX('00112233445566778899AABBCCDDEE0B')),
('Chicken Breast', UNHEX('00112233445566778899AABBCCDDEE0C')),
('Pumpkin', UNHEX('00112233445566778899AABBCCDDEE0D')),
('Apples', UNHEX('00112233445566778899AABBCCDDEE0E')),
('Tortilla Chips', UNHEX('00112233445566778899AABBCCDDEE0F')),
('Cocoa Powder', UNHEX('00112233445566778899AABBCCDDEE10')),
('Beef Chuck', UNHEX('00112233445566778899AABBCCDDEE11')),
('Waffle Mix', UNHEX('00112233445566778899AABBCCDDEE12')),
('Salmon', UNHEX('00112233445566778899AABBCCDDEE13')),
('Bell Peppers', UNHEX('00112233445566778899AABBCCDDEE14')),
('Romaine', UNHEX('00112233445566778899AABBCCDDEE15')),
('Ground Beef', UNHEX('00112233445566778899AABBCCDDEE16')),
('Chicken Wings', UNHEX('00112233445566778899AABBCCDDEE17')),
('Ground Beef', UNHEX('00112233445566778899AABBCCDDEE18')),
('Tomatoes', UNHEX('00112233445566778899AABBCCDDEE19')),
('Shrimp', UNHEX('00112233445566778899AABBCCDDEE1A')),
('Chicken Thighs', UNHEX('00112233445566778899AABBCCDDEE1B')),
('Ground Beef', UNHEX('00112233445566778899AABBCCDDEE1C')),
('Flour', UNHEX('00112233445566778899AABBCCDDEE1D')),
('Garlic', UNHEX('00112233445566778899AABBCCDDEE1E')),
('Cinnamon', UNHEX('00112233445566778899AABBCCDDEE1F')),
('Tomato Sauce', UNHEX('00112233445566778899AABBCCDDEE20')),
('Bread Crumbs', UNHEX('00112233445566778899AABBCCDDEE21')),
('Cheese', UNHEX('00112233445566778899AABBCCDDEE22')),
('Chocolate Chips', UNHEX('00112233445566778899AABBCCDDEE23')),
('Beef Stew Meat', UNHEX('00112233445566778899AABBCCDDEE24')),
('Blueberries', UNHEX('00112233445566778899AABBCCDDEE25')),
('Garlic Powder', UNHEX('00112233445566778899AABBCCDDEE26')),
('Rice', UNHEX('00112233445566778899AABBCCDDEE27')),
('Tuna', UNHEX('00112233445566778899AABBCCDDEE28')),
('Pinto Beans', UNHEX('00112233445566778899AABBCCDDEE29')),
('Mozzarella', UNHEX('00112233445566778899AABBCCDDEE2A')),
('Sugar', UNHEX('00112233445566778899AABBCCDDEE2B')),
('Carrots', UNHEX('00112233445566778899AABBCCDDEE2C')),
('Ginger', UNHEX('00112233445566778899AABBCCDDEE2D')),
('Lemon Juice', UNHEX('00112233445566778899AABBCCDDEE2E')),
('Corn Tortilla', UNHEX('00112233445566778899AABBCCDDEE2F')),
('Basil', UNHEX('00112233445566778899AABBCCDDEE14')),
('Avocado', UNHEX('00112233445566778899AABBCCDDEE18')),
('Quinoa', UNHEX('00112233445566778899AABBCCDDEE12')),
('Almonds', UNHEX('00112233445566778899AABBCCDDEE1A'));

/* ratings table values */
INSERT INTO ratings (user_id, recipe_id, score, timestamp) VALUES
(UNHEX('A1B2C3D4E5F607081122334455667788'), UNHEX('00112233445566778899AABBCCDDEEFF'), 4, '2024-01-01 10:00:00'),
(UNHEX('B2C3D4E5F60708112233445566778899'), UNHEX('00112233445566778899AABBCCDDEE00'), 5, '2024-01-02 11:00:00'),
(UNHEX('C3D4E5F60708112233445566778899AA'), UNHEX('00112233445566778899AABBCCDDEE01'), 4, '2024-01-03 12:00:00'),
(UNHEX('D4E5F60708112233445566778899AABB'), UNHEX('00112233445566778899AABBCCDDEE02'), 3, '2024-01-04 13:00:00'),
(UNHEX('E5F60708112233445566778899AABBCC'), UNHEX('00112233445566778899AABBCCDDEE03'), 4, '2024-01-05 14:00:00'),
(UNHEX('F60708112233445566778899AABBCCDD'), UNHEX('00112233445566778899AABBCCDDEE04'), 5, '2024-01-06 15:00:00'),
(UNHEX('08112233445566778899AABBCCDDEEFF'), UNHEX('00112233445566778899AABBCCDDEE05'), 4, '2024-01-07 16:00:00'),
(UNHEX('112233445566778899AABBCCDDEEFF00'), UNHEX('00112233445566778899AABBCCDDEE06'), 5, '2024-01-08 17:00:00'),
(UNHEX('2233445566778899AABBCCDDEEFF0011'), UNHEX('00112233445566778899AABBCCDDEE07'), 5, '2024-01-09 18:00:00'),
(UNHEX('33445566778899AABBCCDDEEFF001122'), UNHEX('00112233445566778899AABBCCDDEE08'), 3, '2024-01-10 19:00:00'),
(UNHEX('A1B2C3D4E5F607081122334455667788'), UNHEX('00112233445566778899AABBCCDDEE09'), 4, '2024-01-11 20:00:00'),
(UNHEX('B2C3D4E5F60708112233445566778899'), UNHEX('00112233445566778899AABBCCDDEE0A'), 4, '2024-01-12 21:00:00'),
(UNHEX('C3D4E5F60708112233445566778899AA'), UNHEX('00112233445566778899AABBCCDDEE0B'), 5, '2024-01-13 22:00:00'),
(UNHEX('D4E5F60708112233445566778899AABB'), UNHEX('00112233445566778899AABBCCDDEE0C'), 5, '2024-01-14 23:00:00'),
(UNHEX('E5F60708112233445566778899AABBCC'), UNHEX('00112233445566778899AABBCCDDEE0D'), 3, '2024-01-15 09:00:00'),
(UNHEX('F60708112233445566778899AABBCCDD'), UNHEX('00112233445566778899AABBCCDDEE0E'), 4, '2024-01-16 08:00:00'),
(UNHEX('08112233445566778899AABBCCDDEEFF'), UNHEX('00112233445566778899AABBCCDDEE0F'), 4, '2024-01-17 07:00:00'),
(UNHEX('112233445566778899AABBCCDDEEFF00'), UNHEX('00112233445566778899AABBCCDDEE10'), 4, '2024-01-18 06:00:00'),
(UNHEX('2233445566778899AABBCCDDEEFF0011'), UNHEX('00112233445566778899AABBCCDDEE11'), 5, '2024-01-19 05:00:00'),
(UNHEX('33445566778899AABBCCDDEEFF001122'), UNHEX('00112233445566778899AABBCCDDEE12'), 5, '2024-01-20 04:00:00'),
(UNHEX('A1B2C3D4E5F607081122334455667788'), UNHEX('00112233445566778899AABBCCDDEE13'), 3, '2024-01-21 03:00:00'),
(UNHEX('B2C3D4E5F60708112233445566778899'), UNHEX('00112233445566778899AABBCCDDEE14'), 4, '2024-01-22 02:00:00'),
(UNHEX('C3D4E5F60708112233445566778899AA'), UNHEX('00112233445566778899AABBCCDDEE15'), 4, '2024-01-23 01:00:00'),
(UNHEX('D4E5F60708112233445566778899AABB'), UNHEX('00112233445566778899AABBCCDDEE16'), 5, '2024-01-24 00:00:00'),
(UNHEX('E5F60708112233445566778899AABBCC'), UNHEX('00112233445566778899AABBCCDDEE17'), 5, '2024-01-25 12:00:00');
